{
    "charges": {
        "peg": {
            "0": 0.12813404770124526,
            "1": 0.03935238127670587,
            "2": 0.03935238127670587,
            "3": 0.12814904737567145,
            "4": 0.03935238127670587,
            "5": 0.03935238127670587,
            "6": -0.4136926201837402
        },
        "peg_TERM2": {
            "0": 0.10980726913972334,
            "1": 0.01894727112217384,
            "2": 0.01894727112217384,
            "3": 0.10765726999803023,
            "4": 0.020687272264198833,
            "5": 0.020687272264198833,
            "6": -0.43633271618322894,
            "7": 0.09829726950688797,
            "8": 0.01376727358861404,
            "9": 0.01376727358861404,
            "10": 0.01376727358861404
        },
        "peg_TERM3": {
            "0": 0.14332416405280432,
            "1": 0.056354166318972915,
            "2": 0.056354166318972915,
            "3": 0.14547416319449744,
            "4": 0.05461416517694792,
            "5": 0.05461416517694792,
            "6": -0.3923358346025149,
            "8": -0.40066582212845486,
            "9": 0.13396416356166205,
            "10": 0.04943416764338812,
            "11": 0.04943416764338812,
            "12": 0.04943416764338812
        }
    }
}