{
    "charges": {
        "pnipam": {
            "0": -0.06822842128182711,
            "1": 0.059157580215679975,
            "2": 0.059157580215679975,
            "3": -0.13888441986943545,
            "4": 0.0812415779421204,
            "5": 0.6605275773296231,
            "6": -0.6089544153919345,
            "7": -0.5665464258899814,
            "8": 0.30745957725142176,
            "9": 0.1022315793523663,
            "10": 0.08100557856653866,
            "11": -0.11254242129231752,
            "12": 0.042819579024063914,
            "13": 0.042819579024063914,
            "14": 0.042819579024063914,
            "15": -0.11254242129231752,
            "16": 0.042819579024063914,
            "17": 0.042819579024063914,
            "18": 0.042819579024063914
        },
        "pnipam_TERM2": {
            "0": -0.06138399839401245,
            "1": 0.0673159971833229,
            "2": 0.0673159971833229,
            "3": -0.15908400565385816,
            "4": 0.07165599763393402,
            "5": 0.649336026608944,
            "6": -0.6096940174698829,
            "7": -0.5784940257668495,
            "8": 0.3028760120272636,
            "9": 0.09925600290298461,
            "10": 0.07803600430488586,
            "11": -0.1136839970946312,
            "12": 0.038096000999212266,
            "13": 0.038096000999212266,
            "14": 0.038096000999212266,
            "15": -0.1136839970946312,
            "16": 0.038096000999212266,
            "17": 0.038096000999212266,
            "18": 0.038096000999212266,
            "19": 0.07165599763393402
        },
        "pnipam_TERM3": {
            "0": -0.09250700082629919,
            "1": 0.04693300295621157,
            "2": 0.04693300295621157,
            "3": -0.13568699713796376,
            "4": 0.07658300194889307,
            "5": 0.6643929744139313,
            "6": -0.6115870213136078,
            "7": -0.5715869998559356,
            "8": 0.30782299879938363,
            "9": 0.10535300169140101,
            "10": 0.08041300270706415,
            "11": -0.11058699693530798,
            "12": 0.04286300409585238,
            "13": 0.04286300409585238,
            "14": 0.04286300409585238,
            "15": -0.11058699693530798,
            "16": 0.04286300409585238,
            "17": 0.04286300409585238,
            "18": 0.04286300409585238,
            "20": 0.04693300295621157
        }
    }
}