{
    "charges": {
        "paam": {
            "0": -0.13448841683566576,
            "1": -0.06981758307665586,
            "2": 0.057784917143483945,
            "3": 0.057784917143483945,
            "5": 0.6490665872891744,
            "6": -0.6116350889205932,
            "7": -0.6563500861326853,
            "8": 0.31252908458312345,
            "9": 0.31252908458312345,
            "10": 0.08259658422321081
        },
        "paam_TERM2": {
            "0": -0.12646272880109877,
            "1": -0.09079273146661845,
            "2": 0.0481272664937106,
            "3": 0.0481272664937106,
            "4": 0.0481272664937106,
            "5": 0.6632172753187743,
            "6": -0.6230727146294984,
            "7": -0.6637527058747682,
            "8": 0.3140872706743804,
            "9": 0.3140872706743804,
            "10": 0.06830726462331685
        },
        "paam_TERM3": {
            "0": -0.16068182276053863,
            "1": -0.0659318207339807,
            "2": 0.0533681833608584,
            "3": 0.0533681833608584,
            "5": 0.6535781533880667,
            "6": -0.6202218024568125,
            "7": -0.6774517981843515,
            "8": 0.3084881813688712,
            "9": 0.3084881813688712,
            "10": 0.07349818064407869,
            "11": 0.07349818064407869
        }
    }
}